{"cameraMode":{"drawMode":0,"name":"Shaded","section":"Shading Mode"},"sceneLighting":false,"audioPlay":false,"sceneViewState":{"m_AlwaysRefresh":false,"showFog":true,"showSkybox":false,"showFlares":true,"showImageEffects":true,"showParticleSystems":true,"showVisualEffectGraphs":true,"m_FxEnabled":true},"in2DMode":false,"pivot":{"x":2.5449326038360597,"y":10.737168312072754,"z":6.96519136428833},"rotation":{"x":0.05960189551115036,"y":-0.32142940163612368,"z":0.020291993394494058,"w":0.9448787569999695},"size":31.40678596496582,"orthographic":false}