{"cameraMode":{"drawMode":0,"name":"Shaded","section":"Shading Mode"},"sceneLighting":true,"audioPlay":false,"sceneViewState":{"m_AlwaysRefresh":false,"showFog":true,"showSkybox":true,"showFlares":true,"showImageEffects":true,"showParticleSystems":true,"showVisualEffectGraphs":true,"m_FxEnabled":true},"in2DMode":false,"pivot":{"x":-2.2535617351531984,"y":-0.9434278607368469,"z":-14.228192329406739},"rotation":{"x":-0.059175945818424228,"y":0.9405196905136108,"z":-0.22420310974121095,"w":-0.24850639700889588},"size":12.215555191040039,"orthographic":false}