{"cameraMode":{"drawMode":0,"name":"Shaded","section":"Shading Mode"},"sceneLighting":true,"audioPlay":false,"sceneViewState":{"m_AlwaysRefresh":false,"showFog":true,"showSkybox":true,"showFlares":true,"showImageEffects":true,"showParticleSystems":true,"showVisualEffectGraphs":true,"m_FxEnabled":true},"in2DMode":false,"pivot":{"x":-17.594404220581056,"y":2.6305038928985597,"z":-10.426568031311036},"rotation":{"x":0.007164311595261097,"y":0.8467671275138855,"z":0.01144475769251585,"w":-0.5320454239845276},"size":11.461188316345215,"orthographic":false}