{"cameraMode":{"drawMode":0,"name":"Shaded","section":"Shading Mode"},"sceneLighting":true,"audioPlay":false,"sceneViewState":{"m_AlwaysRefresh":false,"showFog":true,"showSkybox":true,"showFlares":true,"showImageEffects":true,"showParticleSystems":true,"showVisualEffectGraphs":true,"m_FxEnabled":true},"in2DMode":false,"pivot":{"x":620.11865234375,"y":336.24359130859377,"z":-161.2087860107422},"rotation":{"x":-0.09735255688428879,"y":-0.010152633301913739,"z":0.0009520053863525391,"w":-0.9953274726867676},"size":178.5640411376953,"orthographic":false}