{"cameraMode":{"drawMode":0,"name":"Shaded","section":"Shading Mode"},"sceneLighting":true,"audioPlay":false,"sceneViewState":{"m_AlwaysRefresh":false,"showFog":true,"showSkybox":true,"showFlares":true,"showImageEffects":true,"showParticleSystems":true,"showVisualEffectGraphs":true,"m_FxEnabled":true},"in2DMode":false,"pivot":{"x":-31.835350036621095,"y":42.196876525878909,"z":126.61897277832031},"rotation":{"x":0.02303442172706127,"y":-0.7151924967765808,"z":0.023625535890460016,"w":0.6982206702232361},"size":55.72775650024414,"orthographic":false}