{"cameraMode":{"drawMode":0,"name":"Shaded","section":"Shading Mode"},"sceneLighting":false,"audioPlay":false,"sceneViewState":{"m_AlwaysRefresh":false,"showFog":true,"showSkybox":false,"showFlares":true,"showImageEffects":true,"showParticleSystems":true,"showVisualEffectGraphs":true,"m_FxEnabled":true},"in2DMode":false,"pivot":{"x":11.326698303222657,"y":1.7649149894714356,"z":2.0977022647857668},"rotation":{"x":-0.004059747792780399,"y":0.992876410484314,"z":-0.11368095874786377,"w":-0.03546673431992531},"size":1.788665771484375,"orthographic":false}