{"cameraMode":{"drawMode":0,"name":"Shaded","section":"Shading Mode"},"sceneLighting":true,"audioPlay":false,"sceneViewState":{"m_AlwaysRefresh":false,"showFog":true,"showSkybox":true,"showFlares":true,"showImageEffects":true,"showParticleSystems":true,"showVisualEffectGraphs":true,"m_FxEnabled":true},"in2DMode":false,"pivot":{"x":-1.3008842468261719,"y":-0.008728571236133576,"z":2.3995282649993898},"rotation":{"x":0.21357357501983643,"y":-0.28191736340522768,"z":0.06452402472496033,"w":0.9331439137458801},"size":4.027837753295898,"orthographic":false}