{"cameraMode":{"drawMode":0,"name":"Shaded","section":"Shading Mode"},"sceneLighting":true,"audioPlay":false,"sceneViewState":{"m_AlwaysRefresh":false,"showFog":true,"showSkybox":true,"showFlares":true,"showImageEffects":true,"showParticleSystems":true,"showVisualEffectGraphs":true,"m_FxEnabled":true},"in2DMode":false,"pivot":{"x":44.30292510986328,"y":17.653871536254884,"z":4.750997543334961},"rotation":{"x":-0.02880535088479519,"y":0.005094469059258699,"z":-0.00014640345762018114,"w":-0.9995716214179993},"size":26.83988380432129,"orthographic":false}