{"cameraMode":{"drawMode":0,"name":"Shaded","section":"Shading Mode"},"sceneLighting":false,"audioPlay":false,"sceneViewState":{"m_AlwaysRefresh":false,"showFog":true,"showSkybox":false,"showFlares":true,"showImageEffects":true,"showParticleSystems":true,"showVisualEffectGraphs":true,"m_FxEnabled":true},"in2DMode":false,"pivot":{"x":1.0012977123260499,"y":-2.0604100227355959,"z":-1.161537528038025},"rotation":{"x":0.20351429283618928,"y":-0.5326598286628723,"z":0.13374321162700654,"w":0.8105388283729553},"size":11.411661148071289,"orthographic":false}