{"cameraMode":{"drawMode":0,"name":"Shaded","section":"Shading Mode"},"sceneLighting":false,"audioPlay":false,"sceneViewState":{"m_AlwaysRefresh":false,"showFog":true,"showSkybox":false,"showFlares":true,"showImageEffects":true,"showParticleSystems":true,"showVisualEffectGraphs":true,"m_FxEnabled":true},"in2DMode":false,"pivot":{"x":3.633086681365967,"y":3.390052080154419,"z":-1.3737990856170655},"rotation":{"x":-0.0011861003004014493,"y":0.9687994122505188,"z":-0.24788959324359895,"w":-0.004658570513129234},"size":6.607396125793457,"orthographic":false}