{"cameraMode":{"drawMode":0,"name":"Shaded","section":"Shading Mode"},"sceneLighting":true,"audioPlay":false,"sceneViewState":{"m_AlwaysRefresh":false,"showFog":true,"showSkybox":true,"showFlares":true,"showImageEffects":true,"showParticleSystems":true,"showVisualEffectGraphs":true,"m_FxEnabled":true},"in2DMode":false,"pivot":{"x":-17.765310287475587,"y":18.568092346191408,"z":-2.902820587158203},"rotation":{"x":-0.07489602267742157,"y":-0.029910128563642503,"z":-0.002246229676529765,"w":0.9967427253723145},"size":25.0629825592041,"orthographic":false}