{"cameraMode":{"drawMode":0,"name":"Shaded","section":"Shading Mode"},"sceneLighting":false,"audioPlay":false,"sceneViewState":{"m_AlwaysRefresh":false,"showFog":true,"showSkybox":false,"showFlares":true,"showImageEffects":true,"showParticleSystems":true,"showVisualEffectGraphs":true,"m_FxEnabled":true},"in2DMode":false,"pivot":{"x":1.8091241121292115,"y":1.5294979810714722,"z":-2.8624014854431154},"rotation":{"x":-0.002136971801519394,"y":0.700061559677124,"z":-0.0021016395185142757,"w":-0.7140756249427795},"size":6.2793989181518559,"orthographic":false}