{"cameraMode":{"drawMode":0,"name":"Shaded","section":"Shading Mode"},"sceneLighting":false,"audioPlay":false,"sceneViewState":{"m_AlwaysRefresh":false,"showFog":true,"showSkybox":false,"showFlares":true,"showImageEffects":true,"showParticleSystems":true,"showVisualEffectGraphs":true,"m_FxEnabled":true},"in2DMode":false,"pivot":{"x":-10.228446960449219,"y":2.4638915061950685,"z":14.297470092773438},"rotation":{"x":-0.07489602267742157,"y":-0.029910128563642503,"z":-0.002246229676529765,"w":0.9967427253723145},"size":3.7259061336517336,"orthographic":false}