{"cameraMode":{"drawMode":0,"name":"Shaded","section":"Shading Mode"},"sceneLighting":false,"audioPlay":false,"sceneViewState":{"m_AlwaysRefresh":false,"showFog":true,"showSkybox":false,"showFlares":true,"showImageEffects":true,"showParticleSystems":true,"showVisualEffectGraphs":true,"m_FxEnabled":true},"in2DMode":false,"pivot":{"x":0.3025840222835541,"y":1.5365939140319825,"z":0.5458498597145081},"rotation":{"x":-0.006563561037182808,"y":0.9922200441360474,"z":-0.05960427597165108,"w":-0.10939335078001023},"size":0.6073950529098511,"orthographic":false}