{"cameraMode":{"drawMode":0,"name":"Shaded","section":"Shading Mode"},"sceneLighting":false,"audioPlay":false,"sceneViewState":{"m_AlwaysRefresh":false,"showFog":true,"showSkybox":false,"showFlares":true,"showImageEffects":true,"showParticleSystems":true,"showVisualEffectGraphs":true,"m_FxEnabled":true},"in2DMode":false,"pivot":{"x":0.9281342029571533,"y":1.037638545036316,"z":0.4592967629432678},"rotation":{"x":-0.06907548755407334,"y":0.6654823422431946,"z":-0.062071844935417178,"w":-0.7406547665596008},"size":1.8073949813842774,"orthographic":false}