{"cameraMode":{"drawMode":0,"name":"Shaded","section":"Shading Mode"},"sceneLighting":false,"audioPlay":false,"sceneViewState":{"m_AlwaysRefresh":false,"showFog":true,"showSkybox":false,"showFlares":true,"showImageEffects":true,"showParticleSystems":true,"showVisualEffectGraphs":true,"m_FxEnabled":true},"in2DMode":false,"pivot":{"x":0.6502838134765625,"y":1.8615057468414307,"z":0.5537229776382446},"rotation":{"x":0.015605169348418713,"y":0.975376307964325,"z":-0.07328769564628601,"w":0.20758016407489777},"size":1.8073949813842774,"orthographic":false}