{"cameraMode":{"drawMode":0,"name":"Shaded","section":"Shading Mode"},"sceneLighting":false,"audioPlay":false,"sceneViewState":{"m_AlwaysRefresh":false,"showFog":true,"showSkybox":false,"showFlares":true,"showImageEffects":true,"showParticleSystems":true,"showVisualEffectGraphs":true,"m_FxEnabled":true},"in2DMode":false,"pivot":{"x":19.43000030517578,"y":0.7049503326416016,"z":1.1920928955078126e-7},"rotation":{"x":0.20109322667121888,"y":-0.015572315081954003,"z":0.003196992911398411,"w":0.9794415831565857},"size":2.0349061489105226,"orthographic":false}