{"cameraMode":{"drawMode":0,"name":"Shaded","section":"Shading Mode"},"sceneLighting":false,"audioPlay":false,"sceneViewState":{"m_AlwaysRefresh":false,"showFog":true,"showSkybox":false,"showFlares":true,"showImageEffects":true,"showParticleSystems":true,"showVisualEffectGraphs":true,"m_FxEnabled":true},"in2DMode":false,"pivot":{"x":0.8031132817268372,"y":-3.2452948093414308,"z":1.0080375671386719},"rotation":{"x":0.5146024227142334,"y":0.3243713080883026,"z":-0.21878483891487122,"w":0.7629525661468506},"size":1.9587907791137696,"orthographic":false}