{"cameraMode":{"drawMode":0,"name":"Shaded","section":"Shading Mode"},"sceneLighting":false,"audioPlay":false,"sceneViewState":{"m_AlwaysRefresh":false,"showFog":true,"showSkybox":false,"showFlares":true,"showImageEffects":true,"showParticleSystems":true,"showVisualEffectGraphs":true,"m_FxEnabled":true},"in2DMode":false,"pivot":{"x":-0.12957961857318879,"y":0.4019619822502136,"z":-0.059328630566596988},"rotation":{"x":0.028018798679113389,"y":0.7454193830490112,"z":-0.031272873282432559,"w":0.6653315424919128},"size":0.90739506483078,"orthographic":false}