{"cameraMode":{"drawMode":0,"name":"Shaded","section":"Shading Mode"},"sceneLighting":false,"audioPlay":false,"sceneViewState":{"m_AlwaysRefresh":false,"showFog":true,"showSkybox":false,"showFlares":true,"showImageEffects":true,"showParticleSystems":true,"showVisualEffectGraphs":true,"m_FxEnabled":true},"in2DMode":false,"pivot":{"x":-8.330950736999512,"y":7.453143119812012,"z":-10.606106758117676},"rotation":{"x":-0.027938174083828927,"y":-0.9701287150382996,"z":-0.13621768355369569,"w":0.19888970255851746},"size":11.571168899536133,"orthographic":false}