{"cameraMode":{"drawMode":0,"name":"Shaded","section":"Shading Mode"},"sceneLighting":false,"audioPlay":false,"sceneViewState":{"m_AlwaysRefresh":false,"showFog":true,"showSkybox":false,"showFlares":true,"showImageEffects":true,"showParticleSystems":true,"showVisualEffectGraphs":true,"m_FxEnabled":true},"in2DMode":false,"pivot":{"x":-0.6735652685165405,"y":0.903843104839325,"z":-0.48649507761001589},"rotation":{"x":-0.09730228781700134,"y":-0.029865773394703866,"z":0.0028980558272451164,"w":-0.9948214888572693},"size":2.4073948860168459,"orthographic":false}